<Diagram><BlockList><Block><id>1</id><label>trigger</label><midx>428.6</midx><midy>255.05</midy><width>63.35</width><height>45.2</height><fillcolor>16777215</fillcolor><linecolor>0</linecolor><linethickness>1</linethickness></Block><Block><id>2</id><label>switch</label><midx>518.05</midx><midy>378.15</midy><width>76.2</width><height>150.15</height><fillcolor>16777215</fillcolor><linecolor>0</linecolor><linethickness>1</linethickness></Block><Block><id>3</id><label>shaft</label><midx>304.05</midx><midy>120.45</midy><width>94.3</width><height>30.9</height><fillcolor>16777215</fillcolor><linecolor>0</linecolor><linethickness>1</linethickness></Block><Block><id>4</id><label>chuck</label><midx>183.1</midx><midy>114.05</midy><width>68.3</width><height>42.1</height><fillcolor>16777215</fillcolor><linecolor>0</linecolor><linethickness>1</linethickness></Block><Block><id>5</id><label>housing</label><midx>618</midx><midy>175.1</midy><width>180.1</width><height>135.75</height><fillcolor>16777215</fillcolor><linecolor>0</linecolor><linethickness>1</linethickness></Block><Block><id>6</id><label>motor</label><midx>411</midx><midy>172.05</midy><width>88.2</width><height>58.1</height><fillcolor>16777215</fillcolor><linecolor>0</linecolor><linethickness>1</linethickness></Block><Block><id>7</id><label>gearbox</label><midx>407.05</midx><midy>101.05</midy><width>78.3</width><height>64.1</height><fillcolor>16777215</fillcolor><linecolor>0</linecolor><linethickness>1</linethickness></Block></BlockList><ConnectionList><Connection><id>1</id><blockid1>1</blockid1><blockid2>2</blockid2><linecolor>0</linecolor><linethickness>2</linethickness></Connection><Connection><id>2</id><blockid1>2</blockid1><blockid2>6</blockid2><linecolor>0</linecolor><linethickness>2</linethickness></Connection><Connection><id>3</id><blockid1>7</blockid1><blockid2>6</blockid2><linecolor>0</linecolor><linethickness>2</linethickness></Connection><Connection><id>4</id><blockid1>3</blockid1><blockid2>7</blockid2><linecolor>0</linecolor><linethickness>2</linethickness></Connection><Connection><id>5</id><blockid1>4</blockid1><blockid2>3</blockid2><linecolor>0</linecolor><linethickness>2</linethickness></Connection><Connection><id>6</id><blockid1>4</blockid1><blockid2>7</blockid2><linecolor>0</linecolor><linethickness>2</linethickness></Connection><Connection><id>7</id><blockid1>7</blockid1><blockid2>5</blockid2><linecolor>0</linecolor><linethickness>2</linethickness></Connection><Connection><id>8</id><blockid1>6</blockid1><blockid2>5</blockid2><linecolor>0</linecolor><linethickness>2</linethickness></Connection><Connection><id>9</id><blockid1>1</blockid1><blockid2>5</blockid2><linecolor>0</linecolor><linethickness>2</linethickness></Connection><Connection><id>10</id><blockid1>2</blockid1><blockid2>5</blockid2><linecolor>0</linecolor><linethickness>2</linethickness></Connection></ConnectionList></Diagram>