<Diagram><BlockList><Block><id>1</id><label>trigger</label><midx>268.15</midx><midy>48.9</midy><width>64.4</width><height>30.9</height><fillcolor>16777215</fillcolor><linecolor>0</linecolor><linethickness>1</linethickness></Block><Block><id>2</id><label>switch</label><midx>178.15</midx><midy>168.45</midy><width>64.4</width><height>30.9</height><fillcolor>16777215</fillcolor><linecolor>0</linecolor><linethickness>1</linethickness></Block><Block><id>3</id><label>shaft</label><midx>481.05</midx><midy>225.45</midy><width>54.3</width><height>30.9</height><fillcolor>16777215</fillcolor><linecolor>0</linecolor><linethickness>1</linethickness></Block><Block><id>4</id><label>chuck</label><midx>326.15</midx><midy>306.45</midy><width>64.4</width><height>30.9</height><fillcolor>16777215</fillcolor><linecolor>0</linecolor><linethickness>1</linethickness></Block><Block><id>5</id><label>housing</label><midx>312.15</midx><midy>114.45</midy><width>74.45</width><height>30.9</height><fillcolor>16777215</fillcolor><linecolor>0</linecolor><linethickness>1</linethickness></Block><Block><id>6</id><label>motor</label><midx>244.15</midx><midy>253.45</midy><width>64.4</width><height>30.9</height><fillcolor>16777215</fillcolor><linecolor>0</linecolor><linethickness>1</linethickness></Block><Block><id>7</id><label>gearbox</label><midx>434.15</midx><midy>98.45</midy><width>74.45</width><height>30.9</height><fillcolor>16777215</fillcolor><linecolor>0</linecolor><linethickness>1</linethickness></Block></BlockList><ConnectionList><Connection><id>1</id><blockid1>1</blockid1><blockid2>2</blockid2><linecolor>0</linecolor><linethickness>2</linethickness></Connection><Connection><id>2</id><blockid1>2</blockid1><blockid2>6</blockid2><linecolor>0</linecolor><linethickness>2</linethickness></Connection><Connection><id>3</id><blockid1>7</blockid1><blockid2>6</blockid2><linecolor>0</linecolor><linethickness>2</linethickness></Connection><Connection><id>4</id><blockid1>3</blockid1><blockid2>7</blockid2><linecolor>0</linecolor><linethickness>2</linethickness></Connection><Connection><id>5</id><blockid1>4</blockid1><blockid2>3</blockid2><linecolor>0</linecolor><linethickness>2</linethickness></Connection><Connection><id>6</id><blockid1>4</blockid1><blockid2>7</blockid2><linecolor>0</linecolor><linethickness>2</linethickness></Connection><Connection><id>7</id><blockid1>7</blockid1><blockid2>5</blockid2><linecolor>0</linecolor><linethickness>2</linethickness></Connection><Connection><id>8</id><blockid1>6</blockid1><blockid2>5</blockid2><linecolor>0</linecolor><linethickness>2</linethickness></Connection><Connection><id>9</id><blockid1>1</blockid1><blockid2>5</blockid2><linecolor>0</linecolor><linethickness>2</linethickness></Connection><Connection><id>10</id><blockid1>2</blockid1><blockid2>5</blockid2><linecolor>0</linecolor><linethickness>2</linethickness></Connection></ConnectionList></Diagram>