<DataTypeList>
  <DataType name="Blocks: Values (Higher/Lower)">
    <Unselected>
	<Legend>
	  <Style>0xFFFFFF | 0x888888 | 2 | MAKESTRING(Average:,ROUND(avgvalue,3))</Style>
        <Style>0xFF5555 | 0x880000 | 2 | Above Average Value</Style>
        <Style>0x55FF55 | 0x008800 | 2 | Below Average Value</Style>
	</Legend>
      <Step>
        <preprocess>avgvalue = AVG(Data.Value,1)</preprocess>
        <condition>0</condition>
        <styletype>0</styletype>
        <styleid1>0</styleid1>
	  <styleid2>0</styleid2>
      </Step>
      <Step>
        <preprocess>inputvalue = Data.Value WHERE Data.Name EQ Each.label</preprocess>
        <condition>inputvalue GT avgvalue</condition>
        <styletype>1</styletype>
        <styleid1>0xFF5555 | 0x880000 | 2</styleid1>
	  <styleid2>0x55FF55 | 0x008800 | 2</styleid2>
      </Step>
    </Unselected>
    <Selected>
	<Legend>
        <Style>0xFFDD00 | 0xAA8800 | 4 | MAKESTRING(Selected:,ROUND(selectvalue,3))</Style>
        <Style>0xFF5555 | 0x880000 | 2 | Above Selected Value</Style>
        <Style>0x55FF55 | 0x008800 | 2 | Below Selected Value</Style>
	</Legend>
      <Selectstyle>0xFFDD00 | 0xAA8800 | 4</Selectstyle>
      <Step>
        <preprocess>selectvalue = Data.Value WHERE Data.Name EQ Selected.label</preprocess>
        <condition>0</condition>
        <styletype>1</styletype>
        <styleid1>0</styleid1>
	  <styleid2>0</styleid2>
      </Step>
      <Step>
        <preprocess>inputvalue = Data.Value WHERE Data.Name EQ Each.label</preprocess>
        <condition>inputvalue GT selectvalue</condition>
        <styletype>1</styletype>
        <styleid1>0xFF5555 | 0x880000 | 2</styleid1>
	  <styleid2>0x55FF55 | 0x008800 | 2</styleid2>
      </Step>
    </Selected>
  </DataType>
  <DataType name="Blocks: Values (Sliding Scale)">
    <Unselected>
	<Legend>
        <Style>0xFF5555 | 0x880000 | 2 | MAKESTRING(Max:,ROUND(maxvalue,3))</Style>
        <Style>0xFFFF55 | 0x888800 | 2 | MAKESTRING(Average:,ROUND(avgvalue,3))</Style>
        <Style>0x55FF55 | 0x008800 | 2 | MAKESTRING(Min:,ROUND(minvalue,3))</Style>
	</Legend>
      <Step>
        <preprocess>avgvalue = AVG(Data.Value,1)</preprocess>
        <condition>0</condition>
        <styletype>0</styletype>
        <styleid1>0</styleid1>
	  <styleid2>0</styleid2>
      </Step>
      <Step>
        <preprocess>maxvalue = MAX(Data.Value,1)</preprocess>
        <condition>0</condition>
        <styletype>0</styletype>
        <styleid1>0</styleid1>
	  <styleid2>0</styleid2>
      </Step>
      <Step>
        <preprocess>minvalue = MIN(Data.Value,1)</preprocess>
        <condition>0</condition>
        <styletype>0</styletype>
        <styleid1>0</styleid1>
	  <styleid2>0</styleid2>
      </Step>
      <Step>
        <preprocess>inputvalue = Data.Value WHERE Data.Name EQ Each.label</preprocess>
        <condition>inputvalue GT avgvalue</condition>
        <styletype>1</styletype>
        <styleid1>SCALESTYLE(inputvalue,avgvalue,maxvalue,0xFFFF55,0xFF5555) | SCALESTYLE(inputvalue,avgvalue,maxvalue,0x888800,0x880000) | 2</styleid1>
	  <styleid2>SCALESTYLE(inputvalue,minvalue,avgvalue,0x55FF55,0xFFFF55) | SCALESTYLE(inputvalue,minvalue,avgvalue,0x008800,0x888800) | 2</styleid2>
      </Step>
    </Unselected>
    <Selected>
	<Legend>
        <Style>0xFFDD00 | 0xAA8800 | 4 | MAKESTRING(Selected:,ROUND(selectvalue,3))</Style>
        <Style>0xFF5555 | 0x880000 | 2 | MAKESTRING(Max:,ROUND(maxvalue,3))</Style>
        <Style>0x55FF55 | 0x008800 | 2 | MAKESTRING(Min:,ROUND(minvalue,3))</Style>
	</Legend>
      <Selectstyle>0xFFDD00 | 0xAA8800 | 4</Selectstyle>
      <Step>
        <preprocess>maxvalue = MAX(Data.Value,1)</preprocess>
        <condition>0</condition>
        <styletype>0</styletype>
        <styleid1>0</styleid1>
	  <styleid2>0</styleid2>
      </Step>
      <Step>
        <preprocess>minvalue = MIN(Data.Value,1)</preprocess>
        <condition>0</condition>
        <styletype>0</styletype>
        <styleid1>0</styleid1>
	  <styleid2>0</styleid2>
      </Step>
      <Step>
        <preprocess>selectvalue = Data.Value WHERE Data.Name EQ Selected.label</preprocess>
        <condition>0</condition>
        <styletype>1</styletype>
        <styleid1>0</styleid1>
	  <styleid2>0</styleid2>
      </Step>
      <Step>
        <preprocess>inputvalue = Data.Value WHERE Data.Name EQ Each.label</preprocess>
        <condition>inputvalue GT selectvalue</condition>
        <styletype>1</styletype>
        <styleid1>SCALESTYLE(inputvalue,selectvalue,maxvalue,0xFFFF55,0xFF5555) | SCALESTYLE(inputvalue,selectvalue,maxvalue,0x888800,0x880000) | 2</styleid1>
	  <styleid2>SCALESTYLE(inputvalue,minvalue,selectvalue,0x55FF55,0xFFFF55) | SCALESTYLE(inputvalue,minvalue,selectvalue,0x008800,0x888800) | 2</styleid2>
      </Step>
    </Selected>
  </DataType>
  <DataType name="Blocks: Groups">
    <Unselected>
	<Legend>
        <Style>GROUPFILLS(Data.Value,1) | GROUPLINES(Data.Value,1) | 2 | GROUPLABELS(Data.Value,1)</Style>
	</Legend>
      <Step>
        <preprocess>Data.Group = GROUP(Data.Value,1)</preprocess>
        <condition>0</condition>
        <styletype>0</styletype>
        <styleid1>0</styleid1>
	  <styleid2>0</styleid2>
      </Step>
      <Step>
        <preprocess>groupvalue = Data.Group WHERE Data.Name EQ Each.label</preprocess>
        <condition>groupvalue GT 0</condition>
        <styletype>1</styletype>
        <styleid1>GROUPFILLS(groupvalue,1) | GROUPLINES(groupvalue,1) | 2</styleid1>
	  <styleid2>0x55FF55 | 0x008800 | 2</styleid2>
      </Step>
    </Unselected>
    <Selected>
	<Legend>
        <Style>GROUPFILLS(Data.Value,1) | GROUPLINES(Data.Value,1) | 2 | GROUPLABELS(Data.Value,1)</Style>
	</Legend>
      <Selectstyle>0xFFFFFF | 0xAAAAAA | 4</Selectstyle>
      <Step>
        <preprocess>Data.Group = GROUP(Data.Value,1)</preprocess>
        <condition>0</condition>
        <styletype>0</styletype>
        <styleid1>0</styleid1>
	  <styleid2>0</styleid2>
      </Step>
      <Step>
        <preprocess>groupvalue = Data.Group WHERE Data.Name EQ Each.label</preprocess>
        <condition>groupvalue GT 0</condition>
        <styletype>1</styletype>
        <styleid1>GROUPFILLS(groupvalue,1) | GROUPLINES(groupvalue,1) | 2</styleid1>
	  <styleid2>0x55FF55 | 0x008800 | 2</styleid2>
      </Step>
    </Selected>
  </DataType>
  <DataType name="Connections: Values (Higher/Lower)">
    <Unselected>
	<Legend>
        <Style>0xFFFFFF | 0x888888 | 3 | MAKESTRING(Average:,ROUND(avgvalue,3))</Style>
        <Style>0xFFFFFF | 0xAA0000 | 3 | Above Average Value</Style>
        <Style>0xFFFFFF | 0x00AA00 | 3 | Below Average Value</Style>
	</Legend>
      <Step>
        <preprocess>avgvalue = AVG(Data.Value,2)</preprocess>
        <condition>0</condition>
        <styletype>0</styletype>
        <styleid1>0</styleid1>
	  <styleid2>0</styleid2>
      </Step>
      <Step>
        <preprocess>inputvalue = Data.Value WHERE Data.Name EQ Each.startlabel AND Data.Column EQ Each.endlabel</preprocess>
        <condition>inputvalue GT avgvalue</condition>
        <styletype>2</styletype>
        <styleid1>0xAA0000 | 3</styleid1>
	  <styleid2>0x00AA00 | 3</styleid2>
      </Step>
    </Unselected>
    <Selected>
	<Legend>
        <Style>0xFFFFFF | 0xCCAA00 | 5 | MAKESTRING(Selected:,ROUND(selectvalue,3))</Style>
        <Style>0xFFFFFF | 0xAA0000 | 3 | Above Selected Value</Style>
        <Style>0xFFFFFF | 0x00AA00 | 3 | Below Selected Value</Style>
	</Legend>
      <Selectstyle>0xCCAA00 | 5</Selectstyle>
      <Step>
        <preprocess>selectvalue = Data.Value WHERE Data.Name EQ Selected.startlabel AND Data.Column EQ Selected.endlabel</preprocess>
        <condition>0</condition>
        <styletype>2</styletype>
        <styleid1>0</styleid1>
	  <styleid2>0</styleid2>
      </Step>
      <Step>
        <preprocess>inputvalue = Data.Value WHERE Data.Name EQ Each.startlabel AND Data.Column EQ Each.endlabel</preprocess>
        <condition>inputvalue GT selectvalue</condition>
        <styletype>2</styletype>
        <styleid1>0xAA0000 | 3</styleid1>
	  <styleid2>0x00AA00 | 3</styleid2>
      </Step>
    </Selected>
  </DataType>
  <DataType name="Connections: Values (Sliding Scale)">
    <Unselected>
	<Legend>
        <Style>0xFFFFFF | 0xAA0000 | 3 | MAKESTRING(Max:,ROUND(maxvalue,3))</Style>
        <Style>0xFFFFFF | 0xAAAA00 | 3 | MAKESTRING(Average:,ROUND(avgvalue,3))</Style>
        <Style>0xFFFFFF | 0x00AA00 | 3 | MAKESTRING(Min:,ROUND(minvalue,3))</Style>
	</Legend>
      <Step>
        <preprocess>avgvalue = AVG(Data.Value,2)</preprocess>
        <condition>0</condition>
        <styletype>0</styletype>
        <styleid1>0</styleid1>
	  <styleid2>0</styleid2>
      </Step>
      <Step>
        <preprocess>maxvalue = MAX(Data.Value,2)</preprocess>
        <condition>0</condition>
        <styletype>0</styletype>
        <styleid1>0</styleid1>
	  <styleid2>0</styleid2>
      </Step>
      <Step>
        <preprocess>minvalue = MIN(Data.Value,2)</preprocess>
        <condition>0</condition>
        <styletype>0</styletype>
        <styleid1>0</styleid1>
	  <styleid2>0</styleid2>
      </Step>
      <Step>
        <preprocess>inputvalue = Data.Value WHERE Data.Name EQ Each.startlabel AND Data.Column EQ Each.endlabel</preprocess>
        <condition>inputvalue GT avgvalue</condition>
        <styletype>2</styletype>
        <styleid1>SCALESTYLE(inputvalue,avgvalue,maxvalue,0xAAAA00,0xAA0000) | 3</styleid1>
	  <styleid2>SCALESTYLE(inputvalue,minvalue,avgvalue,0x00AA00,0xAAAA00) | 3</styleid2>
      </Step>
    </Unselected>
    <Selected>
	<Legend>
        <Style>0xFFFFFF | 0xCCAA00 | 5 | MAKESTRING(Selected:,ROUND(selectvalue,3))</Style>
        <Style>0xFFFFFF | 0xAA0000 | 3 | MAKESTRING(Max:,ROUND(maxvalue,3))</Style>
        <Style>0xFFFFFF | 0x00AA00 | 3 | MAKESTRING(Min:,ROUND(minvalue,3))</Style>
	</Legend>
      <Selectstyle>0xAA8800 | 5</Selectstyle>
      <Step>
        <preprocess>maxvalue = MAX(Data.Value,2)</preprocess>
        <condition>0</condition>
        <styletype>0</styletype>
        <styleid1>0</styleid1>
	  <styleid2>0</styleid2>
      </Step>
      <Step>
        <preprocess>minvalue = MIN(Data.Value,2)</preprocess>
        <condition>0</condition>
        <styletype>0</styletype>
        <styleid1>0</styleid1>
	  <styleid2>0</styleid2>
      </Step>
      <Step>
        <preprocess>selectvalue = Data.Value WHERE Data.Name EQ Selected.startlabel AND Data.Column EQ Selected.endlabel</preprocess>
        <condition>0</condition>
        <styletype>2</styletype>
        <styleid1>0</styleid1>
	  <styleid2>0</styleid2>
      </Step>
      <Step>
        <preprocess>inputvalue = Data.Value WHERE Data.Name EQ Each.startlabel AND Data.Column EQ Each.endlabel</preprocess>
        <condition>inputvalue GT selectvalue</condition>
        <styletype>2</styletype>
        <styleid1>SCALESTYLE(inputvalue,selectvalue,maxvalue,0xAAAA00,0xAA0000) | 3</styleid1>
	  <styleid2>SCALESTYLE(inputvalue,minvalue,selectvalue,0x00AA00,0xAAAA00) | 3</styleid2>
      </Step>
    </Selected>
  </DataType>
 <DataType name="Connections: Groups">
    <Unselected>
	<Legend>
        <Style>0xFFFFFF | GROUPLINES(Data.Value,2) | 3 | GROUPLABELS(Data.Value,2)</Style>
	</Legend>
      <Step>
        <preprocess>Data.Group = GROUP(Data.Value,2)</preprocess>
        <condition>0</condition>
        <styletype>0</styletype>
        <styleid1>0</styleid1>
	  <styleid2>0</styleid2>
      </Step>
      <Step>
        <preprocess>groupvalue = Data.Group WHERE Data.Name EQ Each.startlabel AND Data.Column EQ Each.endlabel</preprocess>
        <condition>groupvalue GT -1</condition>
        <styletype>2</styletype>
        <styleid1>GROUPLINES(groupvalue,1) | 3</styleid1>
	  <styleid2>0x00AA00 | 3</styleid2>
      </Step>
    </Unselected>
    <Selected>
	<Legend>
        <Style>0xFFFFFF | GROUPLINES(Data.Value,2) | 3 | GROUPLABELS(Data.Value,2)</Style>
	</Legend>
      <Selectstyle>0x333333 | 5</Selectstyle>
      <Step>
        <preprocess>Data.Group = GROUP(Data.Value,2)</preprocess>
        <condition>0</condition>
        <styletype>0</styletype>
        <styleid1>0</styleid1>
	  <styleid2>0</styleid2>
      </Step>
      <Step>
        <preprocess>groupvalue = Data.Group WHERE Data.Name EQ Each.startlabel AND Data.Column EQ Each.endlabel</preprocess>
        <condition>groupvalue GT 0</condition>
        <styletype>2</styletype>
        <styleid1>GROUPLINES(groupvalue,1) | 3</styleid1>
	  <styleid2>0x00AA00 | 3</styleid2>
      </Step>
    </Selected>
  </DataType>
</DataTypeList>